"Reference","Qty","Value","DNP","Exclude from BOM","Exclude from Board","Footprint","Datasheet","LCSC Part No."
"C1,C4,C5,C9,C12,C15,C18","7","4.7u","","","","Capacitor_SMD:C_0603_1608Metric","","C1705"
"C2,C3,C10,C11","4","100n","","","","Capacitor_SMD:C_0603_1608Metric","","C14663"
"C6,C7,C8","3","47u","","","","Capacitor_SMD:C_1206_3216Metric","","C6119972"
"C13,C14,C16,C17,C19,C20","6","150n","","","","Capacitor_SMD:C_0603_1608Metric","","C513735"
"D1","1","LED","","","","LED_SMD:LED_0603_1608Metric","","C2286"
"D2,D3,D4","3","RF071MM2STR","","","","Diode_SMD:D_SOD-123","","C253520"
"J1","1","Conn_01x04_Pin","","","","Connector_PinHeader_1.27mm:PinHeader_1x04_P1.27mm_Vertical_SMD_Pin1Right","","C41375974"
"Q1,Q2,Q3,Q4,Q5,Q6","6","XRS230N03C","","","","Package_DFN_QFN:PQFN-8-EP_6x5mm_P1.27mm_Generic","https://www.lcsc.com/datasheet/C53069585.pdf","C53069585"
"R1,R6,R10,R14","4","3k","","","","Resistor_SMD:R_0603_1608Metric","","C2907033"
"R2,R7,R11,R15","4","1k","","","","Resistor_SMD:R_0603_1608Metric","","C22548"
"R3","1","2k","","","","Resistor_SMD:R_0603_1608Metric","","C22975"
"R4,R5,R8,R9,R12,R13","6","10","","","","Resistor_SMD:R_0603_1608Metric","","C844919"
"RSH1","1","1m","","","","Resistor_SMD:R_2512_6332Metric","","C46634444"
"SW1","1","SW_SPST","","","","Button_Switch_SMD:SW_SPST_CK_RS282G05A3","","C118141"
"U1","1","STM32C031K6T6","","","","Package_QFP:LQFP-32_7x7mm_P0.8mm","https://www.st.com/resource/en/datasheet/stm32c031k6.pdf","C5456169"
"U2","1","TLV76133DCY","","","","Package_TO_SOT_SMD:SOT-223-3_TabPin2","https://www.ti.com/lit/ds/symlink/tlv761.pdf","C7527500"
"U3","1","LMV324A","","","","Package_SO:TSSOP-14_4.4x5mm_P0.65mm","https://www.ti.com/lit/ds/symlink/lmv358a.pdf","C484733"
"U4","1","INA180A3","","","","Package_TO_SOT_SMD:SOT-23-5","http://www.ti.com/lit/ds/symlink/ina180.pdf","C2877844"
"U5,U6,U7","3","IRS21867S","","","","Package_SO:SOIC-8_3.9x4.9mm_P1.27mm","https://www.lcsc.com/datasheet/C52290.pdf","C20623204"
